{"index": 2, "agents": [[11, 3.703455256056214, 0.3907910378117439, [2.1458250108265706, 8.822113119499967, 2.8444061210186553, 5.387449042263874, 0, 3.6948798040764017, 6.2013135997073014, 4.986139213377125, 8.397669672126542], [4.088531391718934, 7.470288728227253, 3.7700069526260274, 1.3943676812710168]], [12, 4.875720983997564, 1.0269528889256248, [0.8877578507416393, 1.3165319665842226, 4.3616291385877215, 8.75738569459795, 4.3288748768091425, 1.139805934449184, 2.3378095531386847, 5.716955546537626, 8.799442265614353], [8.478077609142822, 5.277453080368824, 3.6006893589807136, 2.096076401350727]], [13, 3.1678746665263926, 2.676166888534389, [0.7340903500285416, 2.067469032717744, 9.321710875072005, 4.416781648823372, 6.801465983963428, 8.6493679699519, 0, 5.995204973886381, 0], [8.661580303857873, 0, 4.386238361964624, 1.0531423293257591]], [14, 2.0784354869895574, 1.8588792154716671, [9.393822434201477, 6.624512127781464, 8.559228296055013, 9.49401955710533, 5.1155421642333945, 10, 4.523688740381626, 2.591756897650865, 8.332308716206724], [0, 5.612132495267449, 10.246997487434784, 10.431422430259788]], [15, 4.057758996782308, 1.3777683199634538, [7.314218781887248, 1.6118819695269433, 1.7713463269188081, 4.5105538696601, 4.220194879279548, 6.098110125127189, 0, 1.098347232203401, 7.612389829724849], [2.139655886134337, 10.630866963673643, 3.61638517140392, 10.53238150796379]]], "globalBestAgent": [2, 5.413519113455034, 1.1402270784286357, [0.9856786532459272, 1.461747090936858, 4.842722293798682, 9.723336301892738, 4.806355195934097, 1.265527956177489, 2.5956728740367083, 6.347542901558634, 9.770031765351561], [9.413220184888406, 5.859562763067463, 3.9978499037232824, 2.327276252930858]], "globalBestFitness": 0.722, "localFitnessChart": [0.722, 0.71], "globalFitnessChart": [0.722, 0.722]}